"Timestamp","Relacionamiento internacional: redes, asociaciones científicas, proyectos de cooperación internacional, coautorías, producción en revistas internacionales, evaluación o edición de revistas o libros internacionales, dirección de tesis de estudiantes de universidades internacionales,  patentes PTC. ","Relacionamiento U-E-E-S nacional: proyectos en cofinanciación, proyectos con financiación externa, participación en centros de I+D+i y alianzas estratégicas, interdisciplinariedad, redes, asociaciones científicas, coautorías, evaluación o edición de revistas o libros nacionales.","Formación para la investigación: Semilleros,  programa  Ondas - Minciencias, Parque Explora, tutorías jóvenes investigadores,  prácticas investigativas y programa Desafío de Innovación; actividades académicas desarrolladas en los programas (talleres, seminarios, foros, estudios de caso); resultados de proyectos de investigación que alimentan programas de formación y publicaciones sobre trabajos de sistematización del conocimiento, bibliografías sobre temas, estudios de caso; creación de asignaturas o líneas de investigación, entre otros.","Gestión y administración de la investigación: coordinación de Centro de  investigación, coordinación de UOC de investigación,  liderazgo de grupo, representaciones externas ante entidades de CTI.","Adjunto el CvLAC","Adjunto carta de postulación o autopostulación"
"2019/07/04 3:22:55 PM EST","-	Red Iberoamericana en Mejora de Procesos de Software (RIMPRO) desde 2006-2016
-	Cátedra MPSEI patrocinada por la empresa multinacional Everis de 2006-2016
-	Red de Mejora de Procesos Software CHILE-MÉXICO-COLOMBIA
","-	Red Iberoamericana en Mejora de Procesos de Software (RIMPRO) desde 2006-2016
-	Cátedra MPSEI patrocinada por la empresa multinacional Everis de 2006-2016
-	Red de Mejora de Procesos Software CHILE-MÉXICO-COLOMBIA
","-	Universidad Politécnica de Madrid UPM (España)
-	Empresa internacional de mejora de procesos  Procesix (Chile) con sede en Medellín
-	Universidad Católica del Norte en (Chile)
-	Desarrollo de alianzas para ejecución de consultaría en buenas prácticas de mejora de procesos software con CIMAT (México)
-	Trabajo relacionado con estrategias de gamificación en mejora de procesos con CIMAT, Universidad de Guadalajara y Centro Universitario de Ciencias Exactas e Ingeniería  (CUCEI) de México 
-	Arquitecturas orientadas a servicios SOA aplicadas para la mejora de tecnología de aprendizaje electrónico con el CENIDET (México)

-	Propuesta para Reestructurar el Procedimiento de Gestión de Soluciones Informáticas de la Gobernación de Antioquia, Basado en un Modelo o Estándar Internacional de Outsourcing UNIVERSIDAD DE MEDELLIN Estado: Tesis concluida. Maestría en Ingeniería de Software, 2013.
-	Buenas prácticas para proyectos de desarrollo de software UNIVERSIDAD DE MEDELLIN Estado: Tesis concluida. Maestría en Ingeniería de Software , 2012.
-	Generador de Servicios Web de Aprendizaje compuestos a partir de recursos educativos CENIDET-Cuernavaca México  Estado: Tesis concluida.  Maestría en Ciencias-Ciencias Computacionales, 2016.
-	Sistema de Administración de Información de Maquinaria de Construcción (SAIMAC)  UNIVERSIDAD DE MEDELLIN
-	Método de creación de instrumentos pedagógicos para enseñar diseño de software en equipos de trabajo de desarrollo de software, basado en el marco de trabajo PSP. UNIVERSIDAD DE MEDELLIN  Estado: Tesis concluida,  Maestría en Ingeniería de Software, 2013.
-	Instrumento para el apoyo de decisiones en el diagnóstico de pacientes del servicio de urgencias, con clasificación no prioritaria. UNIVERSIDAD DE MEDELLIN  Estado: Tesis concluida  Maestría en Ingeniería de Software, 2013.
-	Diseño de una metodología cuantitativa de evaluación de desempeño para desarrolladores de áreas de ti en empresas colombianas. UNIVERSIDAD DE MEDELLIN.  Estado: Tesis en curso.  Maestría en Ingeniería de Software, a 2019.
-	Estrategia de gamificación para disminuir la resistencia al cambio en iniciativas de SPI. UNIVERSIDAD DE MEDELLIN.  Estado: Tesis en curso.  Maestría en Ingeniería de Software, próxima a sustentar en Julio-agosto 2019.
-	Modelo basado en la gamificación y en factores sociales y humanos para influir en la productividad de equipos de desarrollo de software. UNIVERSIDAD DE MEDELLIN.  Tesis en curso a 2019.  Doctorado en Ingeniería, Línea Informática.
-	Marco de servicios para la medición de la calidad de recursos de Aprendizaje en Servicios Web de aprendizaje. Tesis en curso. Maestría en Ciencias dela Computación. Departamento de Ciencias Computacionales.
-	Marco de servicios Web para medir la calidad de productos de un proceso de software CENIDET. Tesis en curso. Maestría en Ciencias dela Computación. Departamento de Ciencias Computacionales.
-	Sistema de apoyo para mediciones de procesos y productos de software. CENIDET. Tesis en curso. Maestría en Ciencias dela Computación. Departamento de Ciencias Computacionales.

 
Relacionamiento U-E-E-S nacional: proyectos en cofinanciación, proyectos con financiación externa, participación en centros de I+D+i y alianzas estratégicas, interdisciplinariedad, redes, asociaciones, científicas, coautorías, evaluación o edición de revistas o libros nacionales. *

PARTICIPACIÓN EN PROYECTOS NACIONALES EN CENTROS I+D+i

-	RUTA N. Participación exitosa y con resultados implementados en la UDEM de la convocatoria INNOVACAMPUS I – Innovación curricular -2014-2015
-	RUTA N. Vinculación al programa INNOVACAMPUS II como gestor de innovación para las IES seleccionadas.
-	RUTA N. Convocatoria de movilidad internacional en 2015.

PARTICIPACIÓN EN CENTRO DE I+D+i y ALIANZAS ESTRATÉGICAS

-	Desarrollo de proyectos y alianza estratégica bajo la participación y vinculación activa en actividades de ciencia y tecnología con el Centro de Investigación en Matemáticas AC que es un centro público de investigación integrado al Sistema de Centros Públicos CONACYT, dedicado a la generación, transmisión y aplicación de conocimientos especializados en las áreas de matemáticas, estadística y ciencias de la computación. Se caracteriza porque está orientado hacia la investigación científica, la formación de recursos humanos de alto nivel, el mejoramiento de la competencia matemática de la sociedad, así como al apoyo en la solución de problemas que competen a sus áreas de interés, el CIMAT busca contribuir al desarrollo científico y tecnológico de México.
-	Desarrollo de proyectos y alianza estratégica bajo la participación y vinculación activa en actividades de ciencia y tecnología con el Centro Nacional de Investigación y Desarrollo Tecnológico (CENIDET) dedicado a formar investigadores e innovadores tecnológicos competitivos internacionalmente que aporten soluciones tecnológicas, mediante un ejercicio responsable y ético. Actualmente, tiene el apoyo de la Subsecretaría de Educación e Investigación Tecnológicas (SEIT), la Dirección General de Institutos Tecnológicos (DGIT), el Consejo del Sistema Nacional de Educación Tecnológica (COSNET) y del Consejo Nacional de Ciencia y Tecnología (CONACYT), el CENIDET y cuenta con su propia infraestructura y su capital intelectual siguiendo la estrategia de enviar personal con grado de maestría a efectuar estudios doctorales en temas y áreas de interés para los fines académicos del CENIDET, en instituciones de educación superior de prestigio nacionales y extranjeras.

ASOCIACIONES CIENTÍFICAS

-	La AISTI - Asociación Ibérica de Sistemas y Tecnologías de Información, fundada en 2007, es una asociación técnica-científica, sin ánimo de lucro, que tiene por objeto principal la promoción y la divulgación del dominio de Sistemas y Tecnologías de la Información en el espacio Ibérico, dinamizando las relaciones entre los ámbitos académico, investigador, empresarial y social.

COAUTORÍAS INTERNACIONALES
-	Capítulos de libro con: Vianca Vega (UCN-Chile), Mirna Muñoz Mata (CIMAT-México), Jezrel Mejía Miranda (CIMAT-México)
-	Artículos con: Vianca Vega (UCN-Chile), Mirna Muñoz Mata (CIMAT-México), Jezrel Mejía Miranda (CIMAT-México), Tomás San Feliu (UPM-España), Gonzalo Cuevas (UPM-España), Jose A. Calvo-Manzano (UPM-España).

PARTICIPACIÓN EN EL COMITÉ DE EVALUACIÓN DE TESIS NACONALES. A continuación, se relacionan las Universidades que dan origen a las tesis.

-	Maestría en Ingeniería de Software – UDEM
-	Universidad EAFIT
-	Universidad Nacional de Colombia-Medellín
-	Universidad Pontificia Bolivariana-Medellín 
-	Universidad del Quindío-Armenia

PARTICIPACIÓN EN EL COMITÉ DE PUNTAJE COMO JURADO O ARBITRO PARA UNVIERSIDADES DE COLOMBIA. A continuación, de mencionan las Universidades.

-	Sanbuenaventura – Cali
-	Tecnológico de Antioquia I.U.-Medellín
-	Universidad de Caldas
-	Universidad del Quindío
-	Universidad de la Cuenca del Plata-Proyecto de investigación
-	Universidad Pedagógica y Tecnológica De Colombia

PARTICIPACIÓN EN EL COMITÉ EDITORIAL DE REVISTAS NACIONALES A continuación, de mencionan las revistas con las que se participa.

-	Revista Loginn: Investigación Científica y Tecnológica
-	Revista Ventana Informática- Universidad de Manizales
-	Revista Ánfora - Universidad Autónoma de Manizales
-	Revista Trilogía de ciencia, tecnología y sociedad- Facultad de artes y humanidades-ITM
-	Revista Ingenierías & Amazonia -Universidad de la Amazonia
-	Ingeniería e Investigación-Universidad Nacional de Colombia Bogotá
-	DYNA- Facultad de Minas, Universidad Nacional de Colombia, Sede Medellín
-	Revista Facultad de Ingeniería, Universidad de Antioquia

Formación para la investigación: Semilleros, programa Ondas - Colciencias, Parque Explora, tutorías jóvenes investigadores, prácticas investigativas y programa Desafío de Innovación; actividades académicas desarrolladas en los programas (talleres, seminarios, foros, estudios de caso); resultados de proyectos de investigación que alimentan programas de formación y publicaciones sobre trabajos de sistematización del conocimiento, bibliografías sobre temas, estudios de caso; creación de asignaturas o líneas de investigación, entre otros. *


SEMILLEROS DE INVESTIGACIÓN

-	Nombre: Gamification in Software Engineering. Línea de investigación. Ingeniería de Software. Profesores: María Clara Gómez /Gloria Piedad Gasca

AFECTACIÓN DE ASIGNATURAS COMO RESULTADO DE LA INVESTIGACIÓN

Proyectos de investigación: Desarrollo de una técnica de identificación de riesgos para el proceso de adquisición (outsourcing) de productos software como parte de la metodología de gestión de riesgos para proyectos de adquisición de software-UPM (España), UDEM y Creación de técnicas de implementación de buenas prácticas para el desarrollo de software en pequeños entornos de Latinoamérica- UCN (Chile), UDEM. Asignaturas: Ingeniería de software III, Tópicos especiales en software, Gestión de la calidad del Software. Contenido: Planificación y gestión de proyectos de software, Gestión de la Calidad de software, Seminario de Investigación I, Seminario de Investigación II. Metodología: Estrategias de dinamización del aula, renovación y forma de dar las clases magistrales.

Proyectos de investigación: Metodología de enseñanza-aprendizaje de PSP/TSP como iniciativa para mejorar los niveles de calidad y productividad de equipos de trabajo de desarrollo de software-Procesix (Chile), UPM (España), UDEM. Asignaturas nuevas: Nuevos enfoques en ingeniería de software. Contenido: Mejora de procesos ágiles, Gamificación en ingeniería de software, Proyecto de Ingeniería de Software I, II y III. Metodología: Estrategias didácticas de aprendizaje, renovación y forma de dar las clases magistrales, incorporación del protocolo de revisión sistemática de literatura en posgrados y su articulación con programas de alto nivel de formación como maestría y doctorado.

Proyectos de investigación: Innovación Curricular para Ciencias Básicas de Ingeniería en la Universidad de Medellín-RUTA N. Asignaturas nuevas: Reestructuración de todo el núcleo de Ciencias Básicas de Ingeniería para la Facultad (Pensamiento Ingenieril, Pensamiento Algorítmico, Proyecto de Ingeniería I, Proyecto de Ingeniería II). Metodología: Estrategias activas de aprendizaje, renovación y forma de dar las clases magistrales, innovación en proyectos de aula.


AFECTACIÓN DE PROGRAMAS DE PREGRADO Y POSGRADO ORIGINADOS DE PROYECTOS DE INVESTIGACIÓN

Grupo De Investigación: ARKADIUS, Línea de investigación: Ingeniería de software, Gestión de la Información del Conocimiento Programas originados:  Maestría en Ingeniería de software, Apoyo en renovación curricular de la Maestría de Gestión de la información y del Conocimiento.

Grupo De Investigación: ARKADIUS, Línea de investigación: Ingeniería de software, Gestión de la Información del Conocimiento Programas originados:  Creación y renovación curricular de la Maestría en Ingeniería de software y renovación de registro calificado. Definición de una nueva modalidad de la Maestría en Ingeniería de software para ofertar línea de investigación.

Participación en el proceso de autoevaluación y diseño del plan de estudios de la línea Informática del Doctorado en Ingeniería en 2013 y 2014.

ACTIVIDADES ACADÉMICAS DESARROLLADAS EN PROGRAMAS 

INTERNACIONALES
-	Foro del investigador: Protocolo de revisión sistemática-Experiencia en el aula. CIMAT-UDEM
-	Taller de Gamificación para gestión de proyectos de TI Secretaría de Relaciones Exteriores de México-SR. Beca de movilidad con el CIMAT.
-	Workshop de mejora de procesos software – INFONOR 2012

NACIONALES
-	Apoyo en la organización y ejecución de las diferentes versiones del Foro de Software como iniciativa del comité de currículo ampliado de Ingeniería de Sistemas.
-	Apoyo en la organización y ejecución del evento anual de Ingeniería de Sistemas. SICC consolidado como uno de los mejores del país.

NUEVAS LINEAS PARA AKADIUS

-	Generación de productos científicos innovadores que dan lugar a la creación de una nueva línea de investigación en el grupo ARKADIUS denominada EDUCACIÓN EN INGENIERÍA. 

Gestión y administración de la investigación: coordinación de Centro de investigación, coordinación de UOC de investigación, liderazgo de grupo, representaciones externas ante entidades de CTI. *

LIDERAZGO DE GRUPO

-	Cumplimiento de labores de liderazgo de grupo durante 2010 a 2013 

","A continuación, se relacionan los congresos y se indica la página actual de la versión en la que se encuentra, aunque se ha participado en las diferentes versiones en los últimos 9 años.

-	INFONOR: http://infonor2019.net/
-	CIMPS: http://cimps.cimat.mx/
-	CISTI: http://cisti.eu/index.php?lang=es
-	SICC: https://www.siccmedellin.co/
-	JIISIC 2015
","https://drive.google.com/u/0/open?usp=forms_web&id=1D-1r39TaUr55NcgGBd5eU8slav0y0kij","https://drive.google.com/u/0/open?usp=forms_web&id=1zudDlda67kkV67EeRf04fGaj2wbopjDY"
"2019/07/11 1:07:00 PM EST","El profesor Juan guillermo Murillo, realizó la dirección de tesis titulada “Financial risk management” del estudiante Collin Kleine de la universidad  Anston, entre los años 2014-2015, la cual obtuvo el reconocimiento Cum-laude.
El profesor cuenta con las siguientes publicaciones internacionales, de las cuales algunas de ellas han sido publicadas en coautoría con investigadores internacionales.
Publicaciones (ISI, SCOPUS e IEEE explore): INTERNACIONALES
1.	J. G. M. Gómez , M. A. A. Serna, J. A. E. Arias, , F. J. C. Lopera and L. C. F. Arbeláez, ""Information system for the quantification of operational risk in financial institutions,"" 2016 11th Iberian Conference on Information Systems and Technologies (CISTI), Las Palmas, 2016, pp. 1-7.
doi: 10.1109/CISTI.2016.7521570.
2.	J. G. Murillo-Gómez,, M. A. Arias-Serna, F. J. Caro-Lopera, J. A. Echeverri-Arias, D. A. Castañeda-Palacio  ""Information system for the quantification of financial risk,"" 2017 12th Iberian Conference on Information Systems and Technologies (CISTI), Lisbon, 2017, pp. 1-6. doi: 10.23919/CISTI.2017.7975680.
3.	JG Murillo-Gómez , MA Arias-Serna, JA Echeverri-Arias, , Arquitectura de software para la medición del riesgo operacional en entidades del sector financiero.  International Journal of Information Systems and Software Engineering for Big Companies (IJISEBC), 2017
4.	J. G. Murillo-Gomez , M. A. Arias-Serna, F. J. Caro-Lopera, D. A. Castaneda-Palacio, and L. T. Toro, ""Software suite for the measurement of financial risk,"" 2018 13th Iberian Conference on Information Systems and Technologies (CISTI), Caceres, 2018, pp. 1-6.
doi: 10.23919/CISTI.2018.8399143.
5.	Riesgo operativo en el sector salud en Colombia: 2013,  F Venegas-Martínez, LC Franco-Arbeláez, LE Franco-Ceballos, ...eseconomía 10 (43), 7-36.
Ponencias: 
1.	""Information system for the quantification of operational risk in financial institutions,"" 2016 11th Iberian Conference on Information Systems and Technologies (CISTI), España, Las Palmas.
2.	""Information system for the quantification of financial risk,"" 2017 12th Iberian Conference on Information Systems and Technologies (CISTI), Lisbon.
3.	""Software suite for the measurement of financial risk,"" 2018 13th Iberian Conference on Information Systems and Technologies (CISTI), Caceres. 
4.	“Risk measures and credit risk under the beta-kotz distribution”. II Coloquio de estudiantes de doctorado con la ponencia realizada en el marco de la IX Feria de la Creatividad e Innovación – Ciencia al servicio de la sociedad, del 4 al 6 de septiembre de 2018.
5.	Encuentro Nacional de Docentes en Investigación Operativa (ENDIO) y Escuela de Perfeccionamiento en Investigación Operativa (EPIO).  Tipo de evento: Encuentro  Ámbito:   Realizado el:,    en Biarritz   - Buenos Aires  
6.	Foro de analisis de riesgo y decisiones  Tipo de evento: Otro  Ámbito:   Realizado el:,    en CALIMA   - Miraflores Park Hotel, Lima, Perú  
7.	Congreso de Administración de Riesgos   Tipo de evento: Congreso  Ámbito: Internacional  Realizado el:2016-04-26 00:00:00.0,  2016-04-28 00:00:00.0   en Ciudad de México   - Universidad Nacional Autónoma de México
","
Desde hace de una década se han desarrollado varios proyectos de investigación e innovación con entidades del sector real y financiero como por ejemplo: COOFISAM, COOTRAMED, COOTRADEPARTAMENTALES, FEINSA, CFA, COMUDEM, COBELÉN, COMFENALCO ANTIOQUIA, AYCCOLANTA, COMEDAL, LYNTIK, SECURITIES ETC, COOPANTEX, ASOCIACIÓN MUTUAL SANTACLARA, ETC.
El profesor Juan Guillermo ha desarrollado proyectos colciencias con el acompañamiento de la corporación tecnova y Ruta N como fué el caso de la convocatoria 621 y en la actualidad hace parte de un selecto grupo de investigadores colombianos que están participando en la convocatoria de creación de Spin-off, proyecto que es liderado también por Colciencias y acompañado por Ruta N y Tecnova y que además hace parte de una iniciativa de universidad empresarial de nuestra universidad,
Adicionalmente, es el contacto directo con el que cuenta la universidad ante la supeintendencia financiera de colombia y la superintendencia de la economía solidaria con quienes ha compartido los resutados de las investigaciones y hace poco entregó peronalmente a la superintencia de la economía solidaria una propuesta para que los integrantes del esta última superintendencia desarrollaran una especializacion en riesgos financieros cuyo profesor lider sería el profesor Juan Guillermo.
El profesor cuenta con una variada productividad tanto de desarrollo tecnológico como a nivel de publicaciones las cuales han sido desarrolladas en coautoría con profesores e investigadores nacionales.

Spin-off: Creación de la Spin-off: Faktor Risk
Registros de software: 20 registros de software ante la Dirección nacional de derechos de autor.
Secretos empresariales: 7 registros de secretos empresariales.
Signos distintivos: 3 registros de marca

Publicaciones: 

Loss distribution approach (LDA): metodología actuarial aplicada al riesgo operacional. LCF Arbeláez, JGM GómezRevista Ingenierías Universidad de Medellín 7 (13), 143-156
Riesgo Operativo: Técnicas de modelación cuantitativa
JG Murillo Gómez, MA Arias Serna, LC Franco Arbeláez
Sello Editorial de la Universidad de Medellín
Riesgo operativo en el sector salud en Colombia
LC Franco-Arbeláez, LE Franco-Ceballos, JG Murillo-Gómez, ...
Modelamiento de un sistema de recuperación de imágenes de recursos acuáticos, basado en contenido y calidad de la información
BM Losada, JAE Arias, FJ Moreno
Revista Ingenierías Universidad de Medellín 7 (13), 97-109
Marco histórico y estado del arte de los modelos de evolución del paisaje y de erosión
JJM Monsalve
Revista Ingenierías Universidad de Medellín 8 (15 Sup. 1), 47-57
La teoría de valor extremo y el riesgo operacional: una aplicación en una entidad financiera. JGM Gómez
Revista Ingenierías Universidad de Medellín 8 (15), 59-70
Information system for the quantification of financial risk
MA Arias-Serna, FJ Caro-Lopera, JA Echeverri-Arias, ...
2017 12th Iberian Conference on Information Systems and Technologies (CISTI 
Finanzas y modelación
F Isaza Cuervo, S Marín López, ET Arroyave, MA Arias Serna, ...
Sello Editorial de la Universidad de Medellín
Extreme value theory and operational risk: an application to a financial institution
JG Murillo Gómez
Revista Ingenierías Universidad de Medellín 8 (15), 59-70
Software suite for the measurement of financial risk [Suite de Software para la Medición del Riesgo Financeiro]
MA Arias-Serna, FJ Caro-Lopera, DA Castaneda-Palacio, ...
IEEE Computer Society
Software suite for the measurement of financial risk
MA Arias-Serna, FJ Caro-Lopera, DA Castaneda-Palacio, ...
2018 13th Iberian Conference on Information Systems and Technologies (CISTI 
Iberian Conference on Information Systems and Technologies, CISTI
MCG Alvarez, LG Palacio, JAE Arias, GJ Thomas, JA Munera
Arquitectura de software para la medición del riesgo operacional en entidades del sector financiero
MA Arias-Serna, JA Echeverri-Arias, JG Murillo-Gómez, FJ Caro-Lopera, ...
International Journal of Information Systems and Software Engineering for …
Riesgo operativo en el sector salud en Colombia [Operational Risk in the Health Sector in Colombia]
LC Franco-Arbeláez, LE Franco-Ceballos, JG Murillo-Gómez, ...
MPRA Paper
Riesgo operativo en el sector salud en Colombia: 2013
F Venegas-Martínez, LC Franco-Arbeláez, LE Franco-Ceballos, ...
eseconomía 
Marco histórico y estado del arte de los modelos de evolución del paisaje y de erosión
D Bedoya Ruiz, A Bravo, CH Cruz, JA Echeverri Arias, A Escalante, ...
Revista Ingenierías Universidad de Medellín 8 (15 Sup 1)
	Loss Distribution Approach (LDA): actuarial methodology apply to operational risk
LC Franco Arbeláez, JG Murillo Gómez
Revista Ingenierías Universidad de Medellín 7 (13), 143-156
","El profesor ha impartido varios semilleros de investigación en el ciclo específico, particularmente en el tema de riesgos financieros, los cuales están adscritos a la vicerrectoría de investigación, cuenta estudiantes de pregrado y posgrado que han realizado su pasantía en el marco de proyectos de investigación,  varios de sus estudiantes alcanzaron el mérito investigativo y participaron en diferentes encuentros de semilleros, encuentros regionales, departamentales e incluso participaron en el internacional que se llevó a cabo en México en el 2014. 
Además se contó con una pasantía de investigación internacional con un estudiante de la universidad de Anston que hizo su tesis de maestría en el marco de uno de los proyectos de investigación. Varios de los pasantes tienen publicaciones importantes bases de datos como SCOPUS, ISI Y la IEEE e incluso tienen propiedad intelectual en desarrollos tecnológicos como software que se han obtenido como resultado de sus pasantías. Juan Guillermo ha sido profesor de números diplomados y talleres que se imparten desde educación continuada y desde nuestro laboratorio financiero, además es invitado a numerosas entidades a impartir sus conocimientos en los temas de riesgos, uno de los últimos talleres que impartió fue en compañía del Superintendente financiero de Colombia quien manifestó haber escuchado del profesor en diferentes escenarios y con muy buena acogida.
Fruto de un arduo trabajo de investigación en el área de riesgo financieros a la fecha se cuenta con una especialización de riesgos adscrita al programa de ingeniería financiera e inclusive muchos de los resultados de dichas investigaciones son casos de estudios dentro de la maestría en finanzas.
","El profesor ha sido tanto líder del grupo GINIF como coordinador de la  uoc de estadística e investigación de operaciones  desde los inicios del programa de ingeniería financiera, pues él fue uno de los primeros profesores del programa y ha participado en la diferentes renovaciones y definición de líneas de investigación que ha tenido el programa en todas sus instancias, pregrado, especialización y maestría
La creación de la spin-off FACTOR RISK  la cual a la fecha ha generado ingresos por más de $100.000.000 para la universidad, con la creación de esta spinoff y en articulación con el lema de nuestra universidad, se espera resolver un problema latente que  existe en nuestra sociedad,  pues en particular en Colombia estamos regidos por las normatividades de la superintendencia financiera de Colombia y la superintendencia de la economía solidaria , ambas buscan regular el capital que fluye en la sociedad así como la vigilancia a las entidades económicas para disminuir la corrupción y garantizar la igualdad en la sociedad.
De esta gran cantidad de entidades vigiladas por estas superintendencias la población más grande y que es nuestro foco está en el sector solidario con más de 4000 entidades divididas en cooperativas, fondos y mutuales con más de 28 billones de activos, 7 millones de asociados. 
El profesor se dedica a investigar y a proponer nuevas metodologías de medición para poder cuantificar ese capital con el que deben contar las entidades financieras con el fin de poder cubrir las pérdidas económicas derivadas de algún evento de riesgo.
En un futuro cercano se espera que por ser una empresa nacida en una universidad se pueda brindar el servicio completo requerido tanto por cada entidad como por los entes reguladores, es decir se espera ofrecer tres grandes servicios:
1. Consultoria: Montaje completo  del sistema de administración de riesgos que contempla una  etapas (identificación, medición, control y monitoreo) para posteriormente definir e implementar unos procedimientos que contemplen por ejm la definición de políticas generales y de mitigación de riesgos que generaran unos controles y protocolos que permitieran la continuidad del negocio. 
2. Infraestructura tecnológica: Herramientas software con marcas registradas ante cámara de comercio y registros de la dirección nacional de derechos de autor. Esta plataforma tecnológica ha sido pensada como una suite de software que está integrada por módulos especializados en cada uno de los riesgos y diseñada con una arquitectura de manera que pueda ser ofrecida como SAS o que se puede instalar a manera de licencia en cada equipo.
3. Capacitación: Servicio de capacitación y formación con la certificación y el apoyo de la universidad de Medellín, ofrecer cursos de corta duración, diplomados, pregrados, especializaciones, maestrías y doctorados.
Además como fruto de las validaciones y del proceso de consultoría, el cual está siendo implementado en la Cooperativa Comedal se ha logrado evidenciar un ahorro de un 90% de tiempo invertido en cálculos y 50 % de pérdida financiera
Otra actividad muy importante es que el profesor está realizando sus estudios doctorales en el doctorado en administración de nuestra universidad, esto genera indicadores muy importantes como publicaciones, formación de estudiantes de doctorado y además está permitiendo que el profesor se fortalezca muchísimo más sus conocimientos en el área de riesgos, que es el área en la cual está trabajando como tema central de su tesis.
","https://drive.google.com/u/0/open?usp=forms_web&id=1y5yrJLows90eBLbnU3Gw-tCNcEF2-3WZ","https://drive.google.com/u/0/open?usp=forms_web&id=1UUaUqdS9hzJu-AI6myD48XkCkWMzGETZ"
"2019/07/18 10:59:19 AM EST","Redes: Eurogang 
Producción en revistas internacionales: 
1. Children and Adolescent Risk Environment Characterization to Use Information Technologies and Communications (ICT): Case Merida, Venezuela"" . IEEE Latin America Transactions
2. Epidemiology of Streptococcus pneumoniae and Staphylococcus aureus colonization in healthy Venezuelan children"". European Journal of Clinical Microbiology and Infectious Diseases 
""3. Internationalizing the Study of Gang Membership: Validation Issues from Latin America"". En: Reino Unido British Journal of Criminology
 4. ""Representaciones sobre el desarrollo del pensamiento crítico en maestros en formación"" . En: Brasil 
Revista Brasileira de Educacao
 5. ""Conducta antisocial adolescente bajo un enfoque integrador de tres teorías criminológicas"" . En: Venezuela Revista de Ciencias Sociales ","proyectos en cofinanciación:
1. Coinvestigadora en proyecto de investigación cofinanciado por el ICFES y UdeM
2. Coinvestigadora en proyecto de investigación cofinanciado por la UdeM y 15 instituciones educativas de Medellín
3. Coinvestigadora en proyecto de investigación cofinanciado por la UdeM y la Escuela Normal Superior de Urrao. 
Par evaluador de libro editorial Esumer
Miembro Comité evaluador evento académico Educa Digital Colombia 2016
Premio Antioquia Piensa en Grande por Consultoría Científico Tecnológica e Informe Técnico 
","Creación de asignatura de libre elección: Diseño y validación de encuestas
Formación de recurso humano para CTI a través de dirección de trabajos de grado de maestría (39 estudiantes)
Profesora de Taller de Línea en la Maestría en Educación
Profesora del seminario Investigación Explicativa
Resultados de proyectos de investigación que alimentan programas de formación: Proyecto ICFES
","Liderazgo de grupo Educación Sociedad y Paz 2015-2016","https://drive.google.com/u/0/open?usp=forms_web&id=1nnOug4FDHJAeX--DN7M4XYgxFQH6Fmui","https://drive.google.com/u/0/open?usp=forms_web&id=1fUCqHEQL9aGWknT61BRMAjrtin35rPGL"
"2019/07/18 1:22:14 PM EST","Hago parte de las siguientes redes internacionales:
-	Leaders in Innovation Fellowships, programa liderado por la Real Academia de Ingeniería del Reino Unido, con sede en Londres. Fui capacitado por dos semanas a través de una beca para investigadores en formación para la comercialización de resultados de investigación, orientada a la modelación de negocio, pitch, y relacionamiento con clientes. 
-	Grupo de Internet de las Cosas de Ruta N. Iniciativa liderada por Ruta N donde se realizaron contactos con empresas de IoT tanto nacionales como extranjeras, para la formulación de proyectos. La red la lidera la ingeniera Ana María Salazar. 
En cuanto a producción tecnológica y de innovación, cuento con tres patentes de invención otorgadas, una solicitud PCT, y una patente de invención radicada, como se muestra a continuación:
1.	Sistema para el cerrado de perillas de estufas y cubiertas de estufas que lo comprenden Patente de invención	2018	Resolución 69402 (concedida)
2.	Sistema para la identificación y el control de fugas en estufas de gas	Patente de invención	2018	Resolución 69466 (concedida)
3.	Sistema de soporte ajustable de panel solar	Patente de invención	2018	Resolución 69500 (concedida)
4.	Laboratorio remoto de física versión 2 (en trámite)
5.	System for turning off stove knobs, and cooktops comprising same PCT/IB2018/053397, en Estados Unidos (en trámite).
En cuanto a producción en revistas internacionales, he podido publicar tanto en journals internacionales, como muestro a continuación:
1.	Gestión estratégica de la Comunidad Colombiana de Cómputo Avanzado 3CoA® mediante análisis DOFA y cocreación	Journal	2017	Revista Ingeniare - ISSN 0718-3305
2.	Influence of chemical composition on the biochemical methane potential of agro- Industrial substrates from Estonia	Journal	2017	Agronomy Research 15(5), pp. 1956-1970
3.	La co-creación como estrategia para abordar la gobernanza de TI en una organización Journal	2017 -RISTI
4.	Las redes sociales web como herramienta para gestionar información en procesos de co-creación, Journal 2018	RISTI
También tengo múltiples publicaciones en eventos internacionales indexados, como muestro a continuación:
1.	Method of interaction in open innovation processes incorporating ubiquitous environments and web 2.0 social networks: A baseline architecture	Conference paper scopus	2013	Iberian Conference on Information Systems and Technologies, CISTI
2.	Survey of interaction in web 2.0 social networks and its application to support open innovation processes	Conference paper scopus	2013	 Iberian Conference on Information Systems and Technologies, CISTI
3.	Ubiq-Ideas Machin: Ubiquitous computing system to support creative ideas generation sessions in open innovation	 Conference paper scopus	2014	2014 9th Iberian Conference on Information Systems and Technologies (CISTI)
4.	Systemic archetypes for value co-creation based on collaborative cores: Case study at a telecommunication company	Conference paper scopus	2014	2014 9th Iberian Conference on Information Systems and Technologies (CISTI)
5.	Traceability of contributions in the co-creation of products/services: A case study in a telecommunications company	Conference paper scopus	2014	2014 9th Iberian Conference on Information Systems and Technologies (CISTI)
6.	Survey of interaction in web 2.0 social networks and its application to support open innovation processes	Conference paper scopus	2014	2014 9th Iberian Conference on Information Systems and Technologies (CISTI)
7.	A novel application of System on Chip platforms over industrial sensor networks: A case of Ubiquitous Computing within a power generation plant	Conference paper scopus 2015	 2015 10th Iberian Conference on Information Systems and Technologies, CISTI 2015
8.	Meaningful experiences for training in innovation of systems engineers: Case University of Medellín	Conference paper scopus	2015	 2015 10th Iberian Conference on Information Systems and Technologies, CISTI 2015
9.	A novel ubiquitous system to monitor medicinal cold chains in transportation	Conference paper scopus	2017	Iberian Conference on Information Systems and Technologies, CISTI
10.	Meaningful experiences in virtual courses of programming fundamentals for engineers	Conference paper scopus	2017	Iberian Conference on Information Systems and Technologies, CISTI
11.	Incidence of RS (255,239) coding in the performance of the EPON system	Conference paper scopus	2018	Iberian Conference on Information Systems and Technologies, CISTI
12.	Adoption of Internet of Medical Things (IoMT) as an opportunity for improving public health in Latin America			2018-June, pp. 1-6
13.	A software-based predictive model for greenhouse gas mitigation: Towards environmental sustainability	Conference paper scopus	2018	Iberian Conference on Information Systems and Technologies, CISTI
14.	 A novel energy-efficient machine to compress inorganic residues in eco-bricks as a sustainable construction strategy for low-cost housing. Conference paper scopus 2019. Iberian Conference on Information Systems and Technologies, CISTI
15.	IlluminApp: Educational support tool for sustainable indoor illumination system reconversion for household applications. Conference paper scopus 2019. Iberian Conference on Information Systems and Technologies, CISTI
16.	Internet of Things electromechanical method and device for new or installed gas stoves : making home safier. Conference paper scopus 2019. Iberian Conference on Information Systems and Technologies, CISTI
17.	Incidence of the RS(255,223) encoder in the performance of a Zigbee point-to-point system in an indoor environment. Conference paper scopus 2019. Iberian Conference on Information Systems and Technologies, CISTI
Con respecto a la dirección de trabajos de grado internacionales, tuve la oportunidad de dirigir los estudiantes ALEXIS AGUILAR CELIS y JESÚS FREDY VIZCARRA GARCÍA, con el trabajo titulado: “Válvula de corte de gas IoT -Kitchen Eye-”. Dichos estudiantes fueron pasantes de Ingeniería Mecatrónica de la Universidad Politécnica de Sinaloa.
","He participado en los siguientes proyectos en cofinanciación:
-	Proyecto Innovacampus Ruta N.
-	Proyecto Desafío Innovación Inteinsa, con participación de Ruta N. Factor de interdisciplinariedad: Convergencia de aplicaciones móviles con instrumentación geotécnica (ingeniería civil)
-	Proyecto Cubiertas Inteligentes HACEB, confinanciado con Ruta N y HACEB. Factor de interdisciplinariedad: Convergencia entre Internet de las Cosas y gasodomésticos.
-	Proyecto Piragua Corantioquia. Factor de interdisciplinariedad: Convergencia entre el Internet de las Cosas y la medición de variables meteorológicas.
-	Proyecto Humedad del Suelo (investigador principal: Decano Carlos Eduardo López). Factor de interdisciplinariedad: Convergencia entre Internet de las Cosas y Geotecnia.
-	Proyecto medición de material particulado Indoor con el municipio de Envigado – 2018. Factor de interdisciplinariedad: Convergencia entre Internet de las Cosas y Medición de Calidad del aire.
-	Proyecto Estaciones meteorológicas con el municipio de Envigado – 2017. Factor de interdisciplinariedad: Convergencia entre el Internet de las Cosas y la medición de variables meteorológicas.
-	Proyecto Estaciones meteorológicas, material particulado y ruido con el municipio de Envigado – 2019. Factor de interdisciplinariedad: Convergencia entre el Internet de las Cosas y gestión integral de calidad del aire.
-	 Proyecto Laboratorio Remoto de Física (financiado por la UdeM, con una patente radicada y una concedida). Factor de interdisciplinariedad: Convergencia la ingeniería mecánica, la automatización, el internet de las cosas y la física mecánica clásica.
-	Proyecto Desafío Innovación Laboratorio Médico Echavarría – versión estudiantes (primer puesto) – Versión 2016. Factor de interdisciplinariedad: Convergencia entre el Internet de las Cosas y la logística de transporte de muestras clínicas y patológicas.
-	Proyecto Desafío Innovación Firplak – versión estudiantes – 2016. Factor de interdisciplinariedad: Convergencia entre el Internet de las Cosas, la electrónica de potencia, y los hidromasajes.
-	Proyecto Colciencias – Plataformas adaptativas de aprendizaje usando ABP – Cofinanciado por Colciencias y KUEPA. Factor de interdisciplinariedad: Convergencia entre el aprendizaje de máquina y la educación virtual.
He sido beneficiado a través de las alianzas realizadas con las siguientes subvenciones:
-	Misión Internet de las Cosas en Barcelona, España, por Ruta N.
-	Leaders in Innovation Fellowships, Londres, por Ruta N y la Real Academia de Ingeniería del Reino Unido.
-	Convocatoria de Fondo de Patentes por los proyectos de cubierta inteligente y poste solar, por Ruta N
-	Convocatoria de alistamiento comercial por los proyectos de cubierta inteligente y poste solar, por Ruta N.
Así las cosas, mis principales aliados externos del sector gobierno han sido Ruta N y la Real Academia de Ingeniería.
","-	Participé en el proyecto Innovacampus versión 1, del cual se desprendió el rediseño radical del plan de estudios de Ingeniería de Telecomunicaciones (rediseño del cual hice parte), y el diseño del plan de estudios de Ingeniería Electrónica. 
-	Como fruto de la investigación realizada en Innovacampus, se propuso incluir cursos integradores (entre diferentes programas). Como resultado de este proyecto, propuse y también dirijo el primer curso de taller (proyecto) de ingeniería de la Facultad, en el cual los estudiantes, de diversas áreas disciplinares de la ingeniería, se acercan a un proyecto real con clientes reales, identifican la problemática, esbozan alternativas de solución y proponen una solución. Los productos finales del curso han sido: desarrollo de un prototipo para medición de contaminación Indoor PM2.5 (el cual está siendo cofinanciado actualmente por el municipio de Envigado) y un sistema de riego automático en la comunidad de la vereda Aguas frías, en conjunto con la clínica de ingeniería de la Facultad.
-	He participado en tres versiones de Desafío Innovación. Las dos primeras fueron llevadas a cabo con estudiantes. En la segunda versión, ganamos el primer puesto con el proyecto de transporte de muestras clínicas y patológicas del Laboratorio Médico Echavarría. A su vez, mis estudiantes y yo presentamos los resultados del ejercicio en la Conferencia Ibérica de Sistemas y Tecnologías de la Información (con proceedings IEEE, ISI, SCOPUS) con el trabajo: A novel ubiquitous system to monitor medicinal cold chains in transportation.
-	Participé como ponente en las jornadas de Buenas Prácticas Pedagógicas y Curriculares en la Universidad de Medellín.
Con respecto a publicaciones de sistematización del conocimiento, he participado en la escritura de los siguientes artículos científicos:
-	La co-creación como estrategia para abordar la gobernanza de TI en una organización.
-	Method of interaction in open innovation processes incorporating ubiquitous environments and web 2.0 social networks: A baseline architecture
-	Gestión estratégica de la Comunidad Colombiana de Cómputo Avanzado 3CoA® mediante análisis DOFA y cocreación
-	Meaningful experiences in virtual courses of programming fundamentals for engineers
En cuanto a estudios de caso, he participado en las siguientes publicaciones:
-	Traceability of contributions in the co-creation of products/services: A case study in a telecommunications company
-	Meanful experiences for training in innovation of systems engineers: Case University of Medellín.
-	Systemic archetypes for value co-creation based on collaborative cores: Case study at a telecommunication company
Actualmente hago parte del comité de currículo que está formulando la especialización y la maestría en Internet de las Cosas, las cuales tendrán una línea de investigación en redes M2M e IoT, la cual me encuentro diseñando actualmente.
","-	Participé en la misión de sabios / foro regional de tecnologías convergentes, Nano-Bio-Info-Cogno e Industria 4.0.
-	Participé en calidad de consultor/interventor en el proyecto de regalías de MVM.
-	Participé en la formulación de proyectos de regalías de Laboratorios Ecar y Coordinadora.
","https://drive.google.com/u/0/open?usp=forms_web&id=1p7HB2UObiwKdHUL4hmCqteJbTBXiqj89","https://drive.google.com/u/0/open?usp=forms_web&id=1H4cYgMcy3KgJGJURdvcXCHAKHRlajc_j"
"2019/07/18 5:09:14 PM EST"," Asociaciones científicas: Miembro del IAHR. Proyectos de cooperación internacional: SAFEWATER (financiado por el GRCF del reino unido y con participación de la Universidad de Ulster, Universidad de Sao Paulo y Fundación cántaro azul de Mexico), Proyecto Huella hídrica del río Porce (financiado por la agencia Suiza de cooperación y con participación de la cátedra UNESCO de sostenivilidad de la Universidad politécnica de cataluña). Evaluador: UKRI International Development Peer Review College durante el año 2018.  Patente: Aparato y Metodo para la detección de fugas en tuberías (con 2 prototipos relacionados, software y circuito electrónico), actualmente se encuentra en proceso PCT en Canadá. 1 capítulo del libro Agua urbana en las americas de la IANAS (INTER-AMERICAN NETWORK OF ACADEMIES OF SCIENCES).","Redes: Red Cátedra del agua, Innovial. Proyectos financiados nacionales: 1) Mejoras a un modelo numérico para la simulación de flujos en la cienaga Grande de Santa Marta	1998	COLCIENCIAS, UNAL MED 2) Estimación de la carga de sedimentos en corrientes del departamento de Antioquia	2002	UDEM
3) Estudio de sedimentación en la cuenca del rio La Miel	2004	UDEM, CTA, ISAGEN. 4) Evaluacion de la movilidad de un agroquimico en las zonas no saturadas y saturadas de un acuifero libre de simulado	2005	UDEM
5) Dinámica oceanográfica del golfo de Urabá y su relación con la dispersión de contaminantes	2006	COLCIENCIAS, UNALMED, UDEM, AUGURA. 6) Formulación del plan de Ordenamiento y Manejo de la Microcuenca de la Quebrada Doña María del Municipio de Itagui	2007	CTA, AMVA, EIA, UPB, UDEM 7) Determinación de los Retiros de la Zona Baja de la Cuenca del Río La Miel	2008	CTA, EIA, UDEM, ISAGEN 8) Procesos innovadores para la potabilización de aguas en comunidades rurales antioqueñas	2009	UDEA, UDEM, GOBERNACION DE ANTIOQUIA 9) Proyecto de elaboración de normas técnicas y metodológicas para la realización de estudios geológicos, geotécnicos, hidráulicos y de control de erosión en los procesos de intervención de laderas en el Valle de Aburrá; 2011 - 2011	2010	AMVA, EAFIT, UNALMED, UDEM. 10) Estudio del efecto de la presión en una red de distribución sobre las fugas de agua, utilizando una red de experimentación en laboratorio	2010	UDEM. 11) Estudio de las interacciones Oceano- Atmósfera en el mar Caribe Colombiano: Relación con los patrones de Oleaje y los efectos en las zonas costeras	2010	UDEM, UNALMED. 12) Identificación de evidencias de paleoindicadores en zonas tropicales	2011	UDEM. 13) Mejoras al prototipo funcional para control de fugas de agua en tuberías de redes de distribución	2011	UDEM. 14) Inferencias de respuestas hidrológicas de la cuenca hidrográfica del río La Miel ante escenarios de cambio y variabilidad climática y cambios en la cobertura y el uso del suelo.	2011	CTA, EIA, UDEM, ISAGEN 15) Análisis de los factores más determinantes en la respuesta hidrológica de la cuenca hidrográfica del rio La Miel ante escenarios de cambio y variabilidad climática y cambios en la cobertura y uso del suelo, usando el modelo TETIS	2011	CTA, EIA, UDEM, ISAGEN 16) Eliminación de microorganismos en agua mediante fotocatálisis: aplicación a la desinfección en las aguas de proceso de caolines de la planta de la unión en la empresa SUMICOL.	2012	UDEM, SUMICOL. COLCIENCIAS. 17)Análisis de la huella hídrica en cuencas hidrográficas. Caso de Estudio: cuenca del río Porce en Colombia.	2012	COSUDE, CTA, CORNARE, CORANTIOQUIA, AMVA, ALCALDIAD DE MEDELLÍN, EPM, WWF, UDEA,  UPB, EIA, UDEM, TECNOLOGICO DE ANTIOQUIA, CATEDRA UNESCO DE SOSTENIBILIDA DE LA UNIVERSIDAD POLITECNICA DE CATALUÑA, CENTRO NACIONAL DE PRODUCCIÓN MAS LIMPIA. 18) Modelación ambiental como herramienta de análisis de recursos hídricos en cuencas hidrográficas	2013	CTA, EAFIT, UDEM. 19) Procesos de transferencia e innovación tecnológica para la construcción sostenible de vías terciarias	2013	COLCIENCIAS, UDEA, UDEM, UNIVERSIDAD DE LA GUAJIRA, UNIVERSIDAD POPULAR DEL CESAR, FUNDACION UNIVERSITARIA DEL AREA ANDINA, SALINAS MANAURE, CORPOGUAJIRA, ALCALDIA DE URRAO, ALCALDIA DE MAICAO. 20) Desarrollo de un protocolo de descarga de fondo en la central hidroeléctrica Calderas	2014	CTA, UDEM, ISAGEN 21) Análisis de riesgo frente a evento de rotura de presas en los embalses ubicados sobre los ríos Nare y Guatapé. Sistema EPM - ISAGEN	2014	CTA, UDEM, EIA, ISAGEN, EPM. 22) Low cost technologies for safe drinking water in developing regions	2017	GRCF, Universidad de Ulster (irlanda del norte), UDEM, CTA, USP, Fundación CANTARO AZUL.  Participación en centros de i+D+I: varios proyectos de coperación con el centro de ciencia y tecnología de Antioquia, participacion y liderazgo de un proyecto en la red Innovial. Participación en 10 libros de investigación (1 como editor y autor de capítulos, 5 en co-autoría, 4 como co-autor de capítulos). 13 artículos en revistas científicas. Y colaboración en el Estudio nacional del agua año 2014.  ","Evaluador proyectos ondas año 2016, Tutor joven investigadora: Verónica Valencia. Proyectos desafio innovación ruta N año 2017: Aprovechamiento de aguas lluvias con la empresa SUMICOL (exitoso y con proyectos asociados en segunda fase). Ganadores de la convocatoria ceatividad e innovación de 2018 con el proyecto Cunetas Permeables. 4 proyectos de innovación 3 del detector de fugas (1 con el premio antojate de antioquia, otro con el premio Antioquia   Organización de 2 seminarios internacionales. Apoyo a la creación de las maestrías en Ingeniería Urbana, Maestría en Ingeniería civil y Doctorado en Ingeniería. Creación de 3 asignaturas para dichos programas resultados de procesos de investigación. Creación de la línea de investigación en Recursos hídricos y la línea de Tratamiento de agua y limnología del grupo GICAMH. Participación en semilleros de investigación aplicados para estudiantes de Ingeniería Ambiental e Ingeniería Civil.  Dirección o co-dirección de trabajo de grado y tesis de maestría de 14 estudiantes (6 de maestría). Aconpañamiento a 2 estudiantes de doctorado (actualmente en curso). ","1) Lider del grupo de investigación en calidad del agua y modelación hídrica GICAMH, desde su creación hasta la actualidad. 2) Lider del grupo GICI año 2016. 3) Representante de la Universidad en el comité cátedra del agua del centro de ciencia y tecnología de antioquia desde el año 2002 hasta la actualidad. ","https://drive.google.com/u/0/open?usp=forms_web&id=1lsCf0yQ6VQn7xC7SS6YMtuQPfHmVzIQl","https://drive.google.com/u/0/open?usp=forms_web&id=1MeSH0os_qHGErU39l0uQPwRoBHWmtXOT"
"2019/07/19 9:50:27 AM EST","Coautoría del libro ""Historias locales, visiones globales.  El narcotráfico en las pantallas; coautoría con Concepción Cascajosa Virino Vicedecano de Estudios Conjuntos Periodismo-Comunicación Audiovisual de la Universidad Carlos III de Madrid, Ernesto Pérez Morán Universidad Complutense de Madrid, Miguel Ángel Huerta Floriano de la Universidad Pontificia de Salamanca y Alberto Alejandro Alzate Giraldo de la Universidad de Medellín. Artículo publicado en la revista Chasqui de la Ciespal. Proceso de patente PCT en Estados Unidos y Japón con el proyecto Cabeza Binaural.

","Proyecto de cabeza binaural cofinanciado con la Universidad San Buenaventura. Proyecto de innovación de Cabeza binaural cofinanciado con Universidad San Buenaventura y Aerolínea Avianca y Proyecto de innovación de Cabeza binaural Metodología de Producción Musical cofinanciado con Estados Alterados y Universidad San Buenaventura. Ganador del fondo para la protección de invenciones de Ruta N 2016 y ganador en Tecnnova Convocatoria para el apoyo en la transferencia de resultados de investigación 2016. Patente de invención otorgada por el dispositivo de captura de sonido binaural. Evaluador para la revista Investigación & Desarrollo, Revista Latinoamericana de Ciencias Sociales y Desarrollo humano. Dirección de Investigación, Desarrollo e Innovación de la Universidad del Norte. Coautoría de los libros Cuatro Veces Medellín, Pensar la comunicación tomos IV y V. libro Construcciones discursivas del audiovisual. Caso Maratón Documental coautoría con Claudia Maya, Verónica Heredia Ruiz y Alejandro Alzate (en proceso de publicación por el sello editorial Universidad de Medellín). Pensar la comunicación VI Coautoría con Verónica Heredia Ruiz y Alejandro Alzate (en proceso de publicación por el sello editorial Universidad de Medellín).","Semillero de investigación - ciclo de formación específico ""Semillero en comunicación y lenguajes audiovisuales, narrativa sonora UNIVERSIDAD DE MEDELLIN Comunicación y Lenguajes Audiovisuales 2017, Dirigió como: Tutor principal.

Tesis de grado en proyecto de investigación estado del arte de la toma de sonido directa y binaural aplicada a la realización de piezas audiovisuales UNIVERSIDAD DE MEDELLIN Comunicación y Lenguajes Audiovisuales 2013,

Persona orientada: Simón Calle Benitez Dirigió como: Tutor principal.

Segundo foro estudiantil de la Licenciatura en Comunicación e Informática Educativa 2018 Universidad Tecnológica de Pereira. Conferencia Sonido 3D para cine: Producto de proceso de investigación e innovación.

V INTERNATIONAL CONFERENCE ON THE IMAGE AND COMUNICATION 2014 en Berlín - Freie Universität Berlin Ponencia: La implementación de técnicas binaurales en procesos de producción y postproducción audiovisual:Diseño de sonido binaural para ficción.

XXX Simposio - I Congreso Internacional de Ciencias Sociales 2013 en MEDELLÍN - Universidad Pontificia Bolivariana Ponencia: Medellín imaginada desde el sonido, paisajes sonoros como archivos ciudadanos.

Congreso internacional de Audio y Acústica 2013 Bogotá ponencia:Sonido 3D para cine: Producto de proceso de investigación e innovación.

Festival de cine de Cannes 2016, selección del Short Film Corner.

Festival de cine de Cerdeña, Italia, 2018, Foro sobre formación en lenguajes audiovisuales.

Festival de cine de Cartagena - premios India Catalina -

Miembro votante de la industria desde 2015.

Festival de cine de Santa Fé de Antioquia, 2018, Ponencia: La forma narrativa del sonido en el lenguaje sonoro y el sonido binaural.

 ","N/A","https://drive.google.com/u/0/open?usp=forms_web&id=1zu9WU0bma7Qa-iCu81iMik4kgcKDjNRR","https://drive.google.com/u/0/open?usp=forms_web&id=1HPjQ_FP9HgkuTTxBA4masATYfj8touQv"
"2019/07/19 10:27:42 AM EST","	Participación en comités de evaluación - Congresso Internacional Media Ecology and Image Studies en:  UNESP - UIVERSIDADE ESTADUAL PAULISTA 
	Redes de conocimiento especializado Nombre de la red RedDOLAC - Red de Docentes de América Latina y del Caribe Tipo de red Real, Creada el:2012-02-09 00:00:00.0,    en Lima
	Producción científica: Artículos publicados en revistas internacionales 6, capítulos de libro 6.
	Tipo de proyecto: Investigación y desarrollo Técnicas de co-creación para el desarrollo de un sistema transmedia entre estudiantes de comunicación de la Universidad de Medellín y la Universidad Complutense de Madrid","	Título: La analítica Web como insumo en la comunicación digital, 4 casos de estudio en Medellín Tipo de trabajo presentado: Trabajo de grado/tesis en:  UNIVERSIDAD PONTIFICIA BOLIVARIANA programa académico Maestría en Comunicación Digital. Nombre del estudiante orientado: Ramiro Adrián Ramírez Restrepo
	Título: Inframundo Urbano PLA11-11 Cadena de Custodia Tipo de trabajo presentado: Trabajo de grado/tesis en: UNIVERSIDAD NACIONAL DE COLOMBIA SEDE MEDELLÍN programa académico Maestría en Artes Plásticas y Visuales. Nombre de la estudiante orientada: Nora Patricia Londoño Aristizabal   
	Título: Uso De Las TIC En Las Prácticas De Enseñanza En Escuela Nueva En Los Municipios De Cáceres, Carepa, Ciudad Bolívar - Antioquia: Aportes Y Oportunidades Tipo de trabajo presentado: Trabajo de grado/tesis en:  UNIVERSIDAD PONTIFICIA BOLIVARIANA programa académico Maestría en Educación énfasis Ambientes de aprendizaje mediados por TIC   Nombre del orientado: Carlos Mario Carmona Giraldo, Deiner Yesid Mayo Mosquera, Alexander De Jesús Ríos Ariz   
	Título: Las TIC como potenciadoras de la evaluación por competencias del programa de Diseño Gráfico de la Universidad Pontificia Bolivariana sede Medellín Tipo de trabajo presentado: Trabajo de grado/tesis en:  UNIVERSIDAD PONTIFICIA BOLIVARIANA programa académico Maestría en Educación énfasis Ambientes de aprendizaje mediados por TIC   Nombre del orientado: John Mario Sepúlveda Palacio
	Par evaluador de: Material para publicación científica Revista: Revista Colombiana De Computación, 2015, octubre  
	Par evaluador de: Material para publicación científica Editorial: Editorial Universidad del Cauca, 2017, junio  
	Par evaluador de: Material para publicación científica Revista: Kepes, 2019, junio  
	Par evaluador de: Material para publicación científica Editorial: Editorial Universidad del Norte, 2016, septiembre  
	Par evaluador de: Material para publicación científica Revista: Kepes, 2017, febrero  
	Par evaluador de: Material para publicación científica Revista: Revista Lasallista De Investigación, 2017, abril  
	Par evaluador de: Proyecto Institución: Universidad del Rosario, 2016, septiembre  
	Par evaluador de: Material para publicación científica Revista: Anagramas: Rumbos Y Sentidos De La Comunicación, 2016, junio  
	Par evaluador de: Material para publicación científica Revista: Informador Técnico, 2016, marzo  
	Par evaluador de: Material para publicación científica Editorial: Uniminuto, 2016, agosto  
	Par evaluador de: Material para publicación científica Editorial: Centro de Publicaciones Uniagustiniana, 2017, septiembre  
	Par evaluador de: Proyecto Institución: Universidad del Rosario, 2018, febrero
	Consultorías - Producción técnica - Consultoría Científico Tecnológica e Informe Técnico - Acciones de transferencia tecnológica MARIA ISABEL ZAPATA CARDENAS, MAURICIO ANDRES ALVAREZ MORENO, Proyecto Tabletas para Educar 2014. MInTIC Minicipio de Caldas, Nombre comercial: contrato/registro: 000314, . En: Colombia, 2016, 4 meses  p.0
	Producción técnica - Editoración o revisión – Revista MARIA ISABEL ZAPATA CARDENAS, Libros electrónicos: Del papiro al bit. Las implicaciones comunicacionales de un medio permeado por la tinta electrónica, Nombre comercial: , contrato/registro: , . En: España,  2014,  Publicaciones Universidad Complutense de Madrid  p.10 
	 Producción técnica - Editoración o revisión – Libro MARIA ISABEL ZAPATA CARDENAS, Líneas emergentes en la investigación de vanguardia, Nombre comercial: , contrato/registro: , . En: España, 2014, McGraw-Hill/Interamericana de España, S.L.  p.706 
	Producción técnica - Editoración o revisión – Libro MARIA ISABEL ZAPATA CARDENAS, Tendencias de vanguardia en comunicación, Nombre comercial: , contrato/registro: , . En: Colombia, 2013, Visión Libros  p.423
	Producción científica: Artículos publicados en revistas nacionales 3, libros de divulgación 2, otros libros 1, capítulos de libro 3.","	Estrategias pedagógicas para el fomento a la CTI Nombre de la estrategia Semillero de Investigación en Comunicación Gráfica Publicitaria Inicio en junio - 2017, Finalizó en: Junio – 2018","
	Participación ciudadana en proyectos de CTI Nombre del proyecto Tabletas para Educar 2014. MInTIC Minicipío de Caldas Inicio en septiembre - 2016, Finalizó en: Septiembre - 2016","https://drive.google.com/u/0/open?usp=forms_web&id=1p8lWsVTA6IR5-Ay9llaCF07MWQZCUD6_","https://drive.google.com/u/0/open?usp=forms_web&id=1a0QmyRX3RcYfwkBKZhJuyj7jdGcN8XOD"
"2019/07/19 10:35:25 AM EST","	Proyecto en conjunto con España: Técnicas de co-creación para el desarrollo de un sistema transmedia entre estudiantes de comunicación de la Universidad de Medellín y la Universidad Complutense de Madrid.
	Premio de innovación Antioquia piensa en grande, GOBERNACIÓN DE ANTIOQUIA – 2016 Productos Multimedia: 10. Contenidos virtuales: 4. Espacios de Formación CTI y participación ciudadana (4 productos). Artículos: 7 artículos nacionales e internacionales de alto impacto. Libros: 6 productos nacionales e internacionales. Y capítulos de libro: 3
	Registro en curso de la Aplicación de herramienta de evaluación de procesos de apropiación TIC, 2015. En conjunto con la profesora NORA ELENA BOTERO ESCOBAR. Y Clubes Digitales Municipio de Amalfi: Generando Comunidades de Conocimiento. 2016.
	Proyectos Transmedia de alto impacto para la ciudadanía: La narrativa trasmedia como herramienta de empoderamiento, cambio social y apoyo a la comunicación organizacional: caso alianza Biocuenca, 2017.
	Productos en Arte y Creación: Documental Web MiParamo, 2018
	Título: Aspectos que inciden en la integración del Computador XO por parte de los profesores del Nivel de Básica Primaria del Municipio de Itagüí. Tipo de trabajo presentado: Proyecto de grado/Tesis en:  UNIVERSIDAD DE MEDELLÍN programa académico Maestría en Educación Matemática. Nombre de la estudiante orientada: Jackeline Galvis Rojo, Rubén Darío Sierra Álvarez, Lida Yaneth Espinosa. 
	Título: Usos de la comunicación pública en la Administración de Cartagena Tipo de trabajo presentado: Trabajo de grado/tesis en:  UNIVERSIDAD DE CARTAGENA   programa académico Maestría en Comunicación. Nombre de la estudiante orientada: Isaura Zapateiro Mena  
	Participación en comités de evaluación: Revista Anagramas Universidad de Medellín, I Congreso Internacional EvalComDev (Evaluación de la Comunicación para el Desarrollo y el Cambio Social). Universidad De Cádiz, Jurado del 8 Premio de Periodismo Comunitario - Alcaldía de Medellín
	Internacional (Par evaluador): Revista: Commons, 2015, Revista: Commons, 2014, Revista: Commons. Revista de Comunicación y Ciudadanía Digital, 2017, Centro Editorial Universidad Del Valle, 2019, Revista: Revista De Investigación, Desarrollo E Innovación, 2016, Revista: Mediaciones Sociales, 2009, Revista: Comunicación y Sociedad, 2009, Revista: Mediaciones Sociales, 2012, septiembre, Revista: Commons, 2013, FELAFACS, 2015, Corporación Universitaria Minuto de Dios, 2018.
","	Título: Aspectos que inciden en la integración del Computador XO por parte de los profesores del Nivel de Básica Primaria del Municipio de Itagüí. Tipo de trabajo presentado: Proyecto de grado/Tesis en:  UNIVERSIDAD DE MEDELLÍN programa académico Maestría en Educación Matemática. Nombre de la estudiante orientada: Jackeline Galvis Rojo, Rubén Darío Sierra Álvarez, Lida Yaneth Espinosa. 
	Título: Usos de la comunicación pública en la Administración de Cartagena Tipo de trabajo presentado: Trabajo de grado/tesis en:  UNIVERSIDAD DE CARTAGENA   programa académico Maestría en Comunicación. Nombre de la estudiante orientada: Isaura Zapateiro Mena  
	Participación en comités de evaluación: Revista Anagramas Universidad de Medellín, I Congreso Internacional EvalComDev (Evaluación de la Comunicación para el Desarrollo y el Cambio Social). Universidad De Cádiz, Jurado del 8 Premio de Periodismo Comunitario - Alcaldía de Medellín
	Internacional (Par evaluador): Revista: Commons, 2015, Revista: Commons, 2014, Revista: Commons. Revista de Comunicación y Ciudadanía Digital, 2017, Centro Editorial Universidad Del Valle, 2019, Revista: Revista De Investigación, Desarrollo E Innovación, 2016, Revista: Mediaciones Sociales, 2009, Revista: Comunicación y Sociedad, 2009, Revista: Mediaciones Sociales, 2012, septiembre, Revista: Commons, 2013, FELAFACS, 2015, Corporación Universitaria Minuto de Dios, 2018.
","	Producción técnica - Cursos de corta duración dictados – Otro MARIA CRISTINA PINTO ARBOLEDA, BEATRIZ EUGENIA QUICENO CASTANEDA, JOHANA BARRENECHE CORRALES, Semillero en Comunicación e Identidad en América Latina, Finalidad: Semillero de Investigación . En: Colombia  ,2016,  ,UNIVERSIDAD DE MEDELLIN.  participación: Docente , 0 semanas  ","	UOC de Investigación para los programas de la Facultad de Comunicación, miembro de la Mesa TI para proyectos del Seminario de Ciencia, Tecnología y Sociedad.","https://drive.google.com/u/0/open?usp=forms_web&id=11cQ9xnLkaF6VYnGujk2jyPWdIlh0aN-F","https://drive.google.com/u/0/open?usp=forms_web&id=1o95jWHpLdJKt2wy0634vVnjBMXOJGTd7"
"2019/07/19 2:34:40 PM EST","REDES
1.	Red para la Gestión de Innovación y Tecnología en nuevos Emprendimientos – GESIT (Conformada por Chile, Argentina, Ecuador, Panamá, República Dominicana, España y Colombia).
2.	Red de Investigación-Acción para la Competitividad, Innovación y Sustentabilidad de la Empresa Turística – RELICISET (Conformada por Argentina, México y Colombia).
3.	Red de Investigación y Desarrollo “Construcción y Evaluación de Capacidades de Innovación del Sector Académico – CECIAC (Conformada por Chile, Argentina, Ecuador, Perú, Panamá, Guatemala, España y Colombia).
4.	Programa LIF (Leaders in Innovation Fellowship): Fomenta el desarrollo de capacidades en los investigadores para el emprendimiento, la comercialización de tecnologías y el trabajo en red a través de la Comunidad LIF (Financiado por el FONDO NEWTON DEL REINO UNIDO).

PROYECTOS DE COOPERACIÓN INTERNACIONAL
1.	Proyecto de investigación: Vigilancia tecnológica e inteligencia competitiva para el fomento de la innovación ambiental en las MIPYMES hoteleras. Un modelo piloto para impulsar el desarrollo del sector turístico en México y Colombia (cofinanciado entre la UNIVERSIDAD AUTÓNOMA DEL ESTADO DE MÉXICO y la UNIVERSIDAD DE MEDELLÍN). 
2.	Proyecto de Red temática GESIT (Gestión de Innovación y Tecnología en nuevos Emprendimientos) financiado por el PROGRAMA IBEROAMERICANO DE CIENCIA Y TECNOLOGÍA PARA EL DESARROLLO – CYTED.
3.	Proyecto de Red de I+D – CECIAC (Construcción y Evaluación de Capacidades de Innovación del Sector Académico) financiado por el PROGRAMA IBEROAMERICANO DE CIENCIA Y TECNOLOGÍA PARA EL DESARROLLO – CYTED.

COAUTORIAS (Ver detalles de coautorias en CvLAC adjunto)
1.	Universidad Autónoma del Estado de México - UAEM, México (Dra. Elva Esther Vargas Martínez)
Artículos:
•	Capacidad de innovación en restaurantes: Validación de un instrumento de medición
•	Innovation Management Models Prioritization of Variables for the Assessment of the Innovation Management Model in Organizations from the Productive Sector
•	Methods and Techniques in studies related to the Delphi Method, Innovation Strategy, and Innovation Management Models
•	Estructura organizacional, capital humano y redes de colaboración: determinantes de la capacidad de innovación en restaurantes
•	Propuesta de modelo de gestión de innovación para una empresa de ventas al consumidor final
•	Vigilancia tecnológica en subproductos de la piscicultura
•	Technology Management in Restaurants: Development and Validation of a Measuring Instrument 
•	Innovation in tourism companies, where are they and where are they going? An approach to the state of knowledge
•	Innovation strategy
•	Applying soft systems methodology in a problem related to the Delphi method and its alignment with the innovation strategy in the framework of innovation management models
•	Priority technologies and innovations in the fishing agribusiness by the year 2032. foresight study through the delphi method
•	El Método Delphi modificado. Un acercamiento desde la Metodología de Sistemas Suaves
•	Propuesta de Método Delphi en Políticas Públicas de Innovación

2.	Empresa IALE Tecnología, España (Dr. Pere Escorsa Castells) 
Artículos:
•	Análisis prospectivo del sector del agua para Panamá al año 2040 como estrategia para la identificación de oportunidades tecnológicas y de innovación 
•	Ejercicio prospectivo del sector de la salud para Panamá al año 2040
•	Ejercicio prospectivo del sector de la educación para Panamá al año 2040

3.	Fundación Ciudad del Saber, Panamá (Dr. Gabino Ayarza Sánchez)
Artículos:
•	Análisis prospectivo del sector del agua para Panamá al año 2040 como estrategia para la identificación de oportunidades tecnológicas y de innovación 
•	Ejercicio prospectivo del sector de la salud para Panamá al año 2040
•	Ejercicio prospectivo del sector de la educación para Panamá al año 2040

4.	Universidad Nacional Autónoma de México – UNAM, México (Dr. José Luis Solleiro Rebolledo)
Artículo: Propuesta de modelo de gestión de innovación para una empresa de ventas al consumidor final

PRODUCCIÓN EN REVISTAS INTRENACIONALES (Ver detalles de publicación en CvLAC adjunto)
2019: Journal of Technology Management and Innovation (Chile)
2018: International Journal of Applied Engineering Research (India)
2018: Indian Journal of Science and Technology (India)
2018: Revista OPCIÓN (Venezuela)
2017: GECONTEC: Revista Internacional de Gestión del Conocimiento y la Tecnología (España)
2017: Revista Multiciencias (Venezuela)
2017: Revista Información Tecnológica (Chile)
2017: Revista Espacios (Venezuela)
2016: Revista Intangible Capital (España)
2016: Revista Electrónica Gestión de las Personas y Tecnología (Chile)
2016: Revista Espacios (Venezuela)
2015: Revista Espacios (Venezuela)
2014: Revista Espacios (Venezuela)

EVALUACIÓN O EDICIÓN DE REVISTAS O LIBROS INTERNACIONALES 
III Congreso Internacional de Gestión Tecnológica e Innovación 2012
Evaluador de ponencias presentadas al Congreso

DIRECCIÓN DE TESIS DE ESTUDIANTES INTERNACIONALES 
1.	Codirector en Tesis de Maestría en Estudios Turísticos de la Universidad Autónoma del Estado de México (Aprobada en 2017 con Mención honorifica).
•	Título de la Tesis: Gestión tecnológica e innovación en turismo. Análisis de las empresas restauranteras de Playa del Carmen, Quintana Roo (México).
•	Estudiante orientado: Alejandro Delgado Cruz 
2.	Codirector en Tesis de Maestría en Estudios Turísticos de la Universidad Autónoma del Estado de México (Aprobada en 2018 con Mención honorifica).
•	Título de la Tesis: Vinculación Universidad - Gobierno - Empresas restauranteras para impulsar la capacidad de innovación (Toluca – México)
•	Estudiante orientada: Lorena Hernandez Alpizar","PROYECTOS EN COFINANCIACIÓN
1.	Registro de patente de invención (Método y sistema modular multipropósito de cobertura de espacios), cofinanciado entre el Fondo de Patentes de RUTA N y la UNIVERSIDAD DE MEDELLÍN. 
2.	Proyecto de investigación: Un Modelo sistémico y disruptivo de innovación universitaria (cofinanciado entre la UNIVERSIDAD DEL MAGDALENA y la UNIVERSIDAD DE MEDELLÍN). 

PARTICIPACIÓN EN CENTROS DE I+D+i Y ALIANZAS ESTRATEGICAS 
Programa Gestores de Innovación Empresarial operado por Ruta N (Consultor de metodología para la implementación de un Sistema de Innovación Mínimo Viable en empresas de Medellín) 

COAUTORIAS (Ver detalles de coautorias en CvLAC adjunto)
1.	Universidad del Cauca, Colombia (Dr. José Luis Hoyos Concha)
Artículos:
•	Innovation Management Models Prioritization of Variables for the Assessment of the Innovation Management Model in Organizations from the Productive Sector
•	Methods and Techniques in studies related to the Delphi Method, Innovation Strategy, and Innovation Management Models
•	Propuesta de modelo de gestión de innovación para una empresa de ventas al consumidor final
•	Vigilancia tecnológica en subproductos de la piscicultura
•	Innovation strategy
•	MÉTODO DELPHI EN ESTUDIOS DE PROSPECTIVA TECNOLÓGICA: Una aproximación para calcular el número de expertos y aplicación del coeficiente de competencia experta “K”
•	Applying soft systems methodology in a problem related to the Delphi method and its alignment with the innovation strategy in the framework of innovation management models
•	Priority technologies and innovations in the fishing agribusiness by the year 2032. foresight study through the Delphi method
•	El Método Delphi modificado. Un acercamiento desde la Metodología de Sistemas Suaves
•	Propuesta de Método Delphi en Políticas Públicas de Innovación

2.	Universidad Pontificia Bolivariana – UPB, Colombia (Dra. Bibiana Arango Alzate)
Artículos:
•	Análisis prospectivo del sector del agua para Panamá al año 2040 como estrategia para la identificación de oportunidades tecnológicas y de innovación
•	Ejercicio prospectivo del sector de la salud para Panamá al año 2040
•	Ejercicio prospectivo del sector de la educación para Panamá al año 2040

3.	Universidad del Magdalena (Dr. John Alexander Taborda Giraldo)
Artículos:
•	Un Modelo Sistémico de Innovación para Universidades Regionales: Revisión de Literatura 
•	A Hub-based University Innovation Model 

4.	Institución Universitaria de Envigado (MSc. Oscar Arias Londoño)
Artículos: 
•	Applying soft systems methodology in a problem related to the Delphi method and its alignment with the innovation strategy in the framework of innovation management models
•	El Método Delphi modificado. Un acercamiento desde la Metodología de Sistemas Suaves

5.	Universidad Católica Luis Amigó (MSc. Liseth Galeano Ruiz)
Artículo: Identificación de barreras y oportunidades para el desarrollo de la Ecoeficiencia con aplicación empresarial en Medellín (Colombia): Un estudio de caso desde los actores de la relación Universidad, Empresa, Estado. 

EVALUACIÓN O EDICIÓN DE REVISTAS O LIBROS NACIONALES 
1.	Universidad del Magdalena 
Título del Libro evaluado: Medición de Capacidades de Ciencia, Tecnología e Innovación para la Universidad del Magdalena (2014 – 2015).
2.	Universidad Industrial de Santander
Título del Libro 1 evaluado: Cultura de innovación
Título del Libro 2 evaluado: Design Thinking Toolkit: 50+1 herramientas para implementar el Design Thinking en proyectos de innovación.
3.	Instituto Tecnológico Metropolitano
Miembro del Comité Editorial de la Revista Ciencia, Tecnología y Sociedad (Trilogía) ","
TESIS DOCTORAL DIRIGIDA (Doctorado en Administración)
El método Delphi modificado como dinamizador de la estrategia de innovación en el marco de un modelo de gestión de la innovación en organizaciones del sector productivo (Estudiante Jhon Wilder Zartha Sossa)

TESIS DE MAESTRÍA DIRIGIDAS (Maestría en Administración – MBA)
1.	La innovación social desde las instituciones de educación superior en Medellín - Antioquia: una mirada conceptual (Estudiante Carlos Augusto Arboleda Jaramillo)
2.	Propuesta metodológica para la medición del beneficio financiero de la implementación de tecnologías ecoeficientes en las MIPYMES hoteleras de la Ciudad de Medellín (Estudiante Ivon Stella González Hernández)
3.	Propuesta metodológica para la medición del beneficio social de la implementación de tecnologías ecoeficientes en las MIPYMES hoteleras de la Ciudad de Medellín (Estudiante Wilfredo Cáliz Agudelo)
4.	propuesta de un sistema de gestión de prospectiva tecnológica para el fomento de la innovación en pymes desde la universidad de Medellín (Estudiante Juan Alejandro Cárdenas)
5.	propuesta de un proceso de evaluación a los contratos relacionados con la atención alimentaria de la población vulnerable de la ciudad de Medellín a través de la supervisión o interventoría (Estudiante Andrés Felipe Montoya Giraldo)
6.	Formulación de un modelo de negocio para la Liga de tenis de campo de Antioquia (Estudiante Hector Alonso Monroy Escudero)
7.	Biofertilizer (Estudiantes Jairo Guarín, Francisco Castrillón)
8.	Propuesta metodológica para el desarrollo de una estrategia de innovación basada en un método Delphi modificado (Estívenson Vélez Escobar)
9.	Propuesta de un sistema de gestión de la innovación y emprendimiento para el fomento de la integración y el trabajo en redes que impulsen el desarrollo tecnológico en Cúcuta y Norte de Santander (Estudiantes Mary Alejandra Mendoza Pérez, Jennifer Peña Guio, Heder Alexander Sandoval)

TRABAJOS DE GRADO DE PREGRADO DIRIGIDOS (Administración de Empresas)
1.	Diagnóstico sobre las capacidades tecnológicas para el desarrollo de las investigaciones en vigilancia tecnológica e inteligencia competitiva (VTIC) en Colombia (Estudiante Nataly Hurtado Olarte)
2.	Identificación de experiencias exitosas en el mundo para la aplicación de sistemas de gestión en el ámbito de la prospectiva tecnológica para el fomento de la innovación en las pymes (Estudiante Ana Yuli Gutiérrez Sánchez)
3.	Identificación de experiencias exitosas en el mundo para la aplicación de sistemas de gestión en el ámbito de la inteligencia empresarial para el fomento de la innovación en la PYMES (Estudiante Laura Vanesa Vargas Rodriguez)
4.	Identificación de buenas prácticas para el fomento de la ecoeficiencia en organizaciones del ámbito nacional e internacional (Estudiante Paula Andrea Trujillo Cárdenas)

CREACIÓN DE ASIGNATURAS
1.	MAESTRÍA EN INNOVACIÓN
•	Prospectiva y vigilancia tecnológica (acto administrativo número 13051)
•	Creatividad y diseño (acto administrativo número 13051)
•	Fundamentos de Investigación, Desarrollo e Innovación (acto administrativo número 13051)
2.	DOCTORADO EN ADMINISTRACIÓN
•	Gestión del diseño y desarrollo de productos innovadores (acto administrativo número 401)
•	La innovación en la industria 4.0 (pendiente de acto administrativo) ","Líder del Grupo de Investigación CITIE (Ciencia, Tecnología, Innovación y Emprendimiento) desde el 2012.
Enlace: https://scienti.colciencias.gov.co/gruplac/jsp/visualiza/visualizagr.jsp?nro=00000000013136  ","https://drive.google.com/u/0/open?usp=forms_web&id=1MuzwWW09LvD5VGMk1okYvwl1VHhSB-6b","https://drive.google.com/u/0/open?usp=forms_web&id=1M3VXq-ku5rDplucbvvZHtL_36WNfKZ5t"